Species,VariantID,AF_Norway,AF_Portugal,AF_Spain,n_obs_Norway,n_obs_Portugal,n_obs_Spain,max_diff,p_fisher,fdr,enriched_in
Alistipes_onderdonkii,Alistipes_onderdonkii|C_00125689|3268|T|C,0.8835759937057371,0.5868147260427842,0.40931120053488934,69,86,67,0.4742647931708478,9.999000099990002e-5,0.001024897510248975,Norway
Alistipes_onderdonkii,Alistipes_onderdonkii|C_00125689|2075|T|C,0.9050514758017693,0.6525050618161088,0.4903179036457264,69,86,67,0.41473357215604284,9.999000099990002e-5,0.001024897510248975,Norway
Alistipes_onderdonkii,Alistipes_onderdonkii|C_00125689|2050|G|A,0.7603618943093576,0.5140333287762188,0.3603888483711983,69,86,67,0.39997304593815936,9.999000099990002e-5,0.001024897510248975,Norway
Alistipes_onderdonkii,Alistipes_onderdonkii|C_00125689|2585|G|A,0.6934347274751976,0.49152962237529707,0.38974127698012717,69,85,67,0.30369345049507046,9.999000099990002e-5,0.001024897510248975,Norway
Phocaeicola_dorei,Phocaeicola_dorei|U_00135087|1968|C|G,0.5827467274477575,0.4282944103414845,0.7073057062296279,74,81,32,0.27901129588814333,9.999000099990002e-5,0.001024897510248975,Spain
Gemmiger_formicilis,Gemmiger_formicilis|U_00137695|3128|C|CA,0.7736111111111111,0.6047833619710685,0.6301585506622095,6,89,55,0.16882774914004262,9.999000099990002e-5,0.001024897510248975,Norway
Faecalibacterium_prausnitzii,Faecalibacterium_prausnitzii|U_00111435|2894|A|T,0.7848514107710141,0.8176220982121596,0.7220789385270456,92,123,71,0.09554315968511395,9.999000099990002e-5,0.001024897510248975,Portugal
Gemmiger_formicilis,Gemmiger_formicilis|U_00137695|3341|A|AG,0.7,0.6612070469213326,0.7276796536796537,1,35,25,0.06647260675832112,9.999000099990002e-5,0.001024897510248975,Spain
Faecalibacterium_prausnitzii,Faecalibacterium_prausnitzii|U_00111435|3710|G|A,0.6047449443133105,0.7460862784178355,0.6428869501270617,92,123,71,0.14134133410452498,5.999400059994001e-4,0.0044722800447228005,Portugal
Bacteroides_ovatus,Bacteroides_ovatus|C_00119721|284|A|T,0.7285341482458323,0.776204277962655,0.7464377265337103,62,61,36,0.04767012971682272,5.999400059994001e-4,0.0044722800447228005,Portugal
Gemmiger_formicilis,Gemmiger_formicilis|U_00137695|2651|G|GGGA,0.6839015151515152,0.7222286452623531,0.73097857004107,4,89,48,0.047077054889554826,5.999400059994001e-4,0.0044722800447228005,Spain
Alistipes_onderdonkii,Alistipes_onderdonkii|C_00125689|2383|C|T,0.529049333045401,0.45281586588530476,0.3156905118299333,69,86,66,0.21335882121546773,0.0011998800119988001,0.006559344065593441,Norway
Faecalibacterium_prausnitzii,Faecalibacterium_prausnitzii|U_00111435|2860|T|C,0.7142494565858742,0.7510509085606513,0.6368169394447764,92,123,71,0.11423396911587491,0.0011998800119988001,0.006559344065593441,Portugal
Anaerostipes_hadrus,Anaerostipes_hadrus|C_00127886|3503|G|A,0.6131142441385262,0.6906637204369336,0.6154060904255482,33,90,69,0.07754947629840736,0.0011998800119988001,0.006559344065593441,Portugal
Faecalibacterium_prausnitzii,Faecalibacterium_prausnitzii|U_00111435|1336|T|C,0.7098595010560969,0.7578518772094848,0.6956251000397449,92,123,71,0.0622267771697399,0.0010998900109989002,0.006559344065593441,Portugal
Parabacteroides_distasonis,Parabacteroides_distasonis|U_00059200|3251|ACC|A,0.9333333333333333,0.9019387755102041,0.9148904006046863,3,35,21,0.03139455782312928,0.0014998500149985001,0.007686731326867313,Norway
Gemmiger_formicilis,Gemmiger_formicilis|U_00137695|4181|A|G,0.6932073933137778,0.6877374282645036,0.6654125264358797,74,92,55,0.027794866877898117,0.0028997100289971,0.0139868366104566,Norway
Anaerobutyricum_hallii,Anaerobutyricum_hallii|U_00125666|3485|G|T,0.4704739126474035,0.5961177847538307,0.6938739508695904,34,84,71,0.22340003822218685,0.0051994800519948,0.0236865202368652,Spain
Anaerobutyricum_hallii,Anaerobutyricum_hallii|U_00125666|2304|A|G,0.8304712923579168,0.6967827277596326,0.6471263990282478,34,84,71,0.18334489332966908,0.005599440055994401,0.024166004452186363,Norway
Bacteroides_uniformis,Bacteroides_uniformis|C_00106442|3563|C|T,0.6946754937335333,0.5989134623333929,0.5519657541845024,87,106,55,0.14270973954903088,0.006799320067993201,0.027877212278772122,Norway
Bacteroides_ovatus,Bacteroides_ovatus|C_00119721|2661|A|G,0.7188818130150351,0.6055949406030808,0.6905767606469492,62,61,37,0.11328687241195423,0.007999200079992,0.031234971740921144,Norway
Faecalibacterium_prausnitzii,Faecalibacterium_prausnitzii|U_00111435|1337|G|A,0.6206148102411023,0.7418055140695483,0.6794624517921198,92,123,71,0.12119070382844599,0.010498950104989501,0.0382628403826284,Portugal
Escherichia_coli,Escherichia_coli|U_00142999|3105|C|T,0.6685692584681096,0.6638808940064662,0.55628301249968,46,68,63,0.11228624596842951,0.0110988901109889,0.0382628403826284,Norway
Gemmiger_formicilis,Gemmiger_formicilis|U_00137695|361|T|TG,0.7092592592592593,0.7806317139650473,0.7912656479323146,3,45,45,0.08200638867305532,0.011198880111988802,0.0382628403826284,Spain
Bacteroides_ovatus,Bacteroides_ovatus|C_00119721|2656|T|C,0.5805483590996731,0.5233747573962517,0.5905383053231875,62,61,38,0.0671635479269358,0.0122987701229877,0.040339966003399653,Spain
Anaerobutyricum_hallii,Anaerobutyricum_hallii|U_00125666|2361|T|C,0.8411375376580622,0.6811711908169154,0.6373937577448963,34,84,71,0.20374377991316595,0.013898610138986101,0.042126821800578564,Norway
Bacteroides_uniformis,Bacteroides_uniformis|C_00106442|1763|G|A,0.6858466582550098,0.7156859185522859,0.6063664233081852,86,106,55,0.10931949524410067,0.0143985601439856,0.042126821800578564,Portugal
Bacteroides_ovatus,Bacteroides_ovatus|C_00119721|3009|T|C,0.9558135187363991,0.9009778642894809,0.8604674005760566,62,61,38,0.09534611816034244,0.014898510148985102,0.042126821800578564,Norway
Bacteroides_uniformis,Bacteroides_uniformis|C_00106442|3244|T|G,0.7618881238428591,0.777977446541404,0.6932181918972189,87,106,55,0.0847592546441851,0.014898510148985102,0.042126821800578564,Portugal
Faecalibacterium_prausnitzii,Faecalibacterium_prausnitzii|U_00111435|3863|A|G,0.7157070066690543,0.7305565239956219,0.645863802211184,92,123,71,0.08469272178443787,0.016998300169983,0.0464620204646202,Portugal
Faecalibacterium_prausnitzii,Faecalibacterium_prausnitzii|U_00111435|1323|C|T,0.6319368362783692,0.7617114218915083,0.6950832807944441,92,123,71,0.12977458561313915,0.017598240175982403,0.04655018369130829,Portugal
Alistipes_shahii,Alistipes_shahii|U_00020082|202|T|C,0.7386966151633311,0.7896366530607779,0.6505141121755958,70,75,29,0.13912254088518206,0.0273972602739726,0.0702054794520548,ns
Anaerostipes_hadrus,Anaerostipes_hadrus|C_00127886|3789|G|GT,1,0.9941176470588236,0.9950113378684807,1,34,42,0.00588235294117645,0.029597040295970403,0.07354416073544161,ns
Parabacteroides_distasonis,Parabacteroides_distasonis|U_00059200|3187|C|T,0.9063709058721628,0.8829886900616848,0.8691635973667425,74,91,37,0.03720730850542031,0.0354964503549645,0.0856090861502085,ns
Faecalibacterium_prausnitzii,Faecalibacterium_prausnitzii|U_00111435|198|G|A,0.6015759069676977,0.6498123439562298,0.5959773309907807,92,123,71,0.053835012965449125,0.053894610538946106,0.12626737326267373,ns
Parabacteroides_distasonis,Parabacteroides_distasonis|U_00059200|2627|CGGG|C,0.9583333333333334,0.9018077601410935,0.870734126984127,3,27,12,0.08759920634920637,0.06129387061293871,0.13961381639613815,ns
Gemmiger_formicilis,Gemmiger_formicilis|U_00137695|190|C|T,0.5401726394239853,0.5853306551223123,0.6304051297879303,74,92,55,0.09023249036394498,0.06309369063093691,0.13981759718764966,ns
Faecalibacterium_prausnitzii,Faecalibacterium_prausnitzii|U_00111435|189|C|T,0.620534527877457,0.6782643081300732,0.624531396158238,92,123,71,0.057729780252616214,0.06479352064793521,0.13981759718764966,ns
Bacteroides_ovatus,Bacteroides_ovatus|C_00119721|1842|G|GA,0.6571428571428571,0.7209713897213897,0.6629032838506522,12,44,25,0.0638285325785326,0.0836916308369163,0.1759670186827471,ns
Escherichia_coli,Escherichia_coli|U_00142999|3400|C|T,0.5643621779194837,0.6915305859971855,0.7039484443063687,46,68,63,0.13958626638688498,0.0897910208979102,0.1840715928407159,ns
Gemmiger_formicilis,Gemmiger_formicilis|U_00137695|4213|T|C,0.6593919293532167,0.7046485379281936,0.6741595081852854,74,92,55,0.04525660857497693,0.10018998100189981,0.19560901052751867,ns
Gemmiger_formicilis,Gemmiger_formicilis|U_00137695|2406|C|CG,0.912962962962963,0.9112764878335813,0.8927081470286339,9,68,37,0.020254815934329096,0.09829017098290171,0.19560901052751867,ns
Parabacteroides_distasonis,Parabacteroides_distasonis|U_00059200|2294|T|A,0.6504401846560535,0.5661558204539756,0.5903658274392943,74,91,37,0.08428436420207785,0.10778922107789221,0.20555153786946886,ns
Faecalibacterium_prausnitzii,Faecalibacterium_prausnitzii|U_00111435|1324|A|G,0.650519089011818,0.7942842080829139,0.7320700480661663,92,123,71,0.1437651190710959,0.11358864113588642,0.21168792211687923,ns
Faecalibacterium_prausnitzii,Faecalibacterium_prausnitzii|U_00111435|200|T|C,0.7734944414697282,0.755167578074088,0.7028792155383763,92,123,71,0.07061522593135194,0.1260873912608739,0.22975924629759242,ns
Escherichia_coli,Escherichia_coli|U_00142999|3072|T|C,0.583149014236231,0.470886265087952,0.4523731524473397,46,68,63,0.13077586178889128,0.1401859814018598,0.244579797339415,ns
Phocaeicola_vulgatus,Phocaeicola_vulgatus|U_00107368|19|C|A,0.5657491933296743,0.5367599995376952,0.5140090976491634,85,104,43,0.05174009568051097,0.1394860513948605,0.244579797339415,ns
Faecalibacterium_prausnitzii,Faecalibacterium_prausnitzii|U_00111435|187|A|G,0.679035398351445,0.7032595082405173,0.6701114259384957,92,123,71,0.0331480823020216,0.16668333166683333,0.28475069159750693,ns
Gemmiger_formicilis,Gemmiger_formicilis|U_00137695|2040|T|C,0.6461017043719257,0.7203790935427844,0.757405883021245,74,92,55,0.1113041786493193,0.1877812218778122,0.30910908909109086,ns
Phocaeicola_vulgatus,Phocaeicola_vulgatus|U_00107368|2330|C|T,0.8573753932827514,0.91388081565008,0.9359917277590989,85,104,43,0.07861633447634753,0.18848115188481152,0.30910908909109086,ns
Phocaeicola_vulgatus,Phocaeicola_vulgatus|U_00107368|3191|G|A,0.7140250868393742,0.5731744937333991,0.6210279581685646,84,104,43,0.14085059310597503,0.19508049195080493,0.3131456085160715,ns
Phocaeicola_dorei,Phocaeicola_dorei|U_00135087|19|C|A,0.5425777143957624,0.5343385278871486,0.5428007768099387,74,81,33,0.008462248922790017,0.19858014198580143,0.3131456085160715,ns
Phocaeicola_dorei,Phocaeicola_dorei|U_00135087|1932|G|A,0.7093062135232067,0.6420671853401743,0.7431981659606602,75,81,33,0.10113098062048598,0.21037896210378962,0.3254919791039764,ns
Anaerobutyricum_hallii,Anaerobutyricum_hallii|U_00125666|2642|C|T,0.5465933759060553,0.6730606515481528,0.6809557936786198,34,84,71,0.13436241777256452,0.23657634236576341,0.3592455569257889,ns
Bacteroides_uniformis,Bacteroides_uniformis|C_00106442|1766|A|C,0.6737793844189256,0.662685835988344,0.6571215332176166,87,106,55,0.016657851201309026,0.24387561243875613,0.3635963676359637,ns
Gemmiger_formicilis,Gemmiger_formicilis|U_00137695|201|G|A,0.4729688975104628,0.5441430573837174,0.5928391524745922,74,92,55,0.1198702549641294,0.280971902809719,0.4114231433999457,ns
Alistipes_shahii,Alistipes_shahii|U_00020082|3246|T|C,0.6120267477503101,0.5518602482929447,0.5376280731856888,73,79,31,0.07439867456462124,0.3314668533146685,0.47684705213689155,ns
Gemmiger_formicilis,Gemmiger_formicilis|U_00137695|2059|A|G,0.595112682294778,0.7443202984835495,0.8048403475937981,74,92,55,0.2097276652990201,0.35206479352064796,0.4977467770464333,ns
Bacteroides_ovatus,Bacteroides_ovatus|C_00119721|19|C|A,0.5488374867136785,0.5113771229471166,0.4831608583499711,62,65,45,0.06567662836370741,0.38146185381461856,0.5301673222508259,ns
Phocaeicola_dorei,Phocaeicola_dorei|U_00135087|3772|G|T,0.6197132785942905,0.695512179198207,0.7430021713405288,75,81,33,0.12328889274623833,0.38946105389461055,0.5322634403226344,ns
Gemmiger_formicilis,Gemmiger_formicilis|U_00137695|1106|T|C,0.6668019207387174,0.6668525177447031,0.7695480473362778,74,92,53,0.10274612659756044,0.42125787421257876,0.5662810768103518,ns
Escherichia_coli,Escherichia_coli|U_00142999|3442|G|A,0.45094407245600654,0.6474747775433557,0.6803487879313983,46,68,63,0.22940471547539176,0.44395560443955606,0.5871670897426386,ns
Anaerostipes_hadrus,Anaerostipes_hadrus|C_00127886|3571|T|C,0.756453012637347,0.6563788715538994,0.7040601538192615,33,90,69,0.10007414108344759,0.49495050494950504,0.6420982901709829,ns
Bacteroides_uniformis,Bacteroides_uniformis|C_00106442|3314|AG|A,NA,0.6567867317867317,0.7008395644759281,NA,39,22,0.04405283268919635,0.5011498850114988,0.6420982901709829,ns
Bacteroides_uniformis,Bacteroides_uniformis|C_00106442|1956|CA|C,0.6167847343628594,0.7950641061185588,0.8170839579567848,64,102,39,0.20029922359392538,0.5428457154284572,0.6848207486943613,ns
Bacteroides_ovatus,Bacteroides_ovatus|C_00119721|2046|C|CA,0.9,0.7372842200908534,0.7008859759166665,11,47,25,0.19911402408333356,0.5605439456054394,0.686038858800687,ns
Parabacteroides_distasonis,Parabacteroides_distasonis|U_00059200|2280|A|G,0.629019862900153,0.5716870653342161,0.5978920340347583,74,91,37,0.0573327975659369,0.5532446755324467,0.686038858800687,ns
Gemmiger_formicilis,Gemmiger_formicilis|U_00137695|4203|A|G,0.6798747149422136,0.6079020906154046,0.6610119572464566,74,92,55,0.07197262432680906,0.5983401659834017,0.7215278472152784,ns
Escherichia_coli,Escherichia_coli|U_00142999|1827|G|A,0.5629231017931908,0.622518754740459,0.6830175513120144,46,68,63,0.12009444951882353,0.6246375362463754,0.7348807976345224,ns
Anaerostipes_hadrus,Anaerostipes_hadrus|C_00127886|71|G|A,0.669928472592503,0.6555557951826065,0.7283843397805908,33,90,69,0.07282854459798427,0.6273372662733727,0.7348807976345224,ns
Gemmiger_formicilis,Gemmiger_formicilis|U_00137695|4206|G|T,0.647978006336031,0.6369236554194911,0.7256206609142521,74,92,54,0.088697005494761,0.6591340865913409,0.7437667192184891,ns
Gemmiger_formicilis,Gemmiger_formicilis|U_00137695|532|C|CG,1,0.9327472965630861,0.9153690682536837,4,38,39,0.0846309317463163,0.6621337866213378,0.7437667192184891,ns
Phocaeicola_vulgatus,Phocaeicola_vulgatus|U_00107368|3132|G|C,0.5996146370497181,0.6150804722681401,0.6761781232806158,85,104,43,0.0765634862308977,0.6522347765223477,0.7437667192184891,ns
Gemmiger_formicilis,Gemmiger_formicilis|U_00137695|2046|T|A,0.5922450310963355,0.6986045642158719,0.718216549067398,74,92,55,0.12597151797106243,0.7330266973302669,0.8014425224144252,ns
Gemmiger_formicilis,Gemmiger_formicilis|U_00137695|2057|A|T,0.5813645725516943,0.6693612606198992,0.6954900426279467,74,92,55,0.1141254700762524,0.7262273772622738,0.8014425224144252,ns
Anaerostipes_hadrus,Anaerostipes_hadrus|C_00127886|644|A|G,0.7281386632405342,0.6762392798036715,0.6876648313493464,33,90,69,0.051899383436862734,0.7598240175982401,0.8198101242507329,ns
Anaerostipes_hadrus,Anaerostipes_hadrus|C_00127886|111|C|T,0.6816038021174635,0.645400411771388,0.7263354712520572,33,90,69,0.08093505948066926,0.782021797820218,0.83280243404231,ns
Gemmiger_formicilis,Gemmiger_formicilis|U_00137695|2007|T|TA,0.6287878787878788,0.7164502164502164,0.7796130952380952,11,28,16,0.1508252164502164,0.8263173682631737,0.8576965088301296,ns
Gemmiger_formicilis,Gemmiger_formicilis|U_00137695|4191|C|A,0.6022703807802399,0.6167872103701755,0.690661081777617,74,92,55,0.08839070099737711,0.8221177882211779,0.8576965088301296,ns
Escherichia_coli,Escherichia_coli|U_00142999|1869|G|A,0.7417673363472572,0.736931656677699,0.7885066970544381,46,68,63,0.0515750403767391,0.92010798920108,0.9431106889311068,ns
Bacteroides_uniformis,Bacteroides_uniformis|C_00106442|19|C|A,0.5439741710256165,0.5233946387346672,0.5129786433976631,87,106,55,0.030995527627953434,0.972002799720028,0.9840028342844729,ns
Anaerostipes_hadrus,Anaerostipes_hadrus|C_00127886|73|T|A,0.7140024687866844,0.720671513852695,0.7600673849780513,33,90,69,0.04606491619136688,1,1,ns
Bacteroides_ovatus,Bacteroides_ovatus|C_00119721|4337|T|C,0.8701819437425901,0.9908328362266448,0.9967532481920023,60,58,32,0.12657130444941223,NA,NA,ns
Anaerostipes_hadrus,Anaerostipes_hadrus|C_00127886|79|A|T,0.6446458545123852,0.7264446035076156,0.7594253420645163,33,90,69,0.11477948755213108,NA,NA,ns
Anaerostipes_hadrus,Anaerostipes_hadrus|C_00127886|2714|G|A,0.7950262137554938,0.8992653996610204,0.8820162195693635,33,90,69,0.10423918590552661,NA,NA,ns
Parabacteroides_distasonis,Parabacteroides_distasonis|U_00059200|63|T|C,0.8594130554046172,0.9578043541207812,0.9633334569671483,74,91,36,0.10392040156253113,NA,NA,ns
Anaerobutyricum_hallii,Anaerobutyricum_hallii|U_00125666|2334|A|G,0.8232758496880277,0.8942602421992928,0.9215601887088664,34,84,71,0.09828433902083866,NA,NA,ns
Anaerostipes_hadrus,Anaerostipes_hadrus|C_00127886|85|C|T,0.7548164824547672,0.8413702550867725,0.8530569691903098,33,90,69,0.09824048673554264,NA,NA,ns
Gemmiger_formicilis,Gemmiger_formicilis|U_00137695|2407|T|G,0.8960722214851043,0.9471383764601915,0.9518961816126851,74,92,55,0.05582396012758073,NA,NA,ns
Anaerostipes_hadrus,Anaerostipes_hadrus|C_00127886|102|T|A,0.7108226484368438,0.7510681630426352,0.7643294434858068,33,90,69,0.05350679504896294,NA,NA,ns
Anaerostipes_hadrus,Anaerostipes_hadrus|C_00127886|80|C|T,0.7033939649873117,0.7499465499625693,0.7562854354431124,33,90,69,0.05289147045580078,NA,NA,ns
Anaerostipes_hadrus,Anaerostipes_hadrus|C_00127886|96|T|C,0.7375193541563512,0.7699327109641657,0.7834165038009442,33,90,69,0.045897149644593016,NA,NA,ns
Anaerostipes_hadrus,Anaerostipes_hadrus|C_00127886|74|G|C,0.742967495955068,0.7527901184493772,0.7854266536196363,33,90,69,0.042459157664568314,NA,NA,ns
Anaerostipes_hadrus,Anaerostipes_hadrus|C_00127886|1242|A|G,0.8246735336554478,0.8250518954550349,0.86209908007749525,33,90,69,0.03742554642204743,NA,NA,ns
Anaerostipes_hadrus,Anaerostipes_hadrus|C_00127886|100|C|A,0.812035864038505,0.7805225404862167,0.7857573799974338,33,90,69,0.03151332355228831,NA,NA,ns
Anaerostipes_hadrus,Anaerostipes_hadrus|C_00127886|854|T|C,0.912265530264088,0.8857161779566827,0.913894814182856,33,90,69,0.028178636226173337,NA,NA,ns
Anaerostipes_hadrus,Anaerostipes_hadrus|C_00127886|108|A|T,0.75141276134814206,0.7594447324697783,0.7769518133656883,33,90,69,0.02553905201754625,NA,NA,ns
Faecalibacterium_prausnitzii,Faecalibacterium_prausnitzii|U_00111435|1808|G|A,0.8619539398688724,0.8762091480587708,0.8850591153767742,92,123,71,0.02310517550790181,NA,NA,ns
Gemmiger_formicilis,Gemmiger_formicilis|U_00137695|533|T|G,0.9590219415017767,0.9696142174387854,0.9777840075164741,74,92,55,0.01876206601469743,NA,NA,ns
Anaerostipes_hadrus,Anaerostipes_hadrus|C_00127886|3843|G|GC,1,0.9832130832130832,0.9821518350930115,4,33,51,0.017848164906988484,NA,NA,ns
Anaerostipes_hadrus,Anaerostipes_hadrus|C_00127886|459|T|C,0.947764911547595,0.9497865562765057,0.9633177152856779,33,90,69,0.015552803738082877,NA,NA,ns
Anaerobutyricum_hallii,Anaerobutyricum_hallii|U_00125666|757|T|C,0.9420501724787086,0.942331558103601,0.9568041096661095,34,84,71,0.014753937187400923,NA,NA,ns
Escherichia_coli,Escherichia_coli|U_00142999|131|G|A,0.9486919914605565,0.9347604288055622,0.9373863729716271,46,68,63,0.01393156265499429,NA,NA,ns
Anaerobutyricum_hallii,Anaerobutyricum_hallii|U_00125666|3843|T|C,0.8707947741708584,0.8812326000792899,0.8815088740278165,34,84,71,0.010714099856958148,NA,NA,ns
Alistipes_putredinis,Alistipes_putredinis|U_00122267|1831|A|G,0.8908514898370719,0.8874421218722373,0.8866962272609111,80,87,38,0.004155262576160723,NA,NA,ns
